{
  "riasec": {
    "R": [
      "r_tools",
      "r_outdoors",
      "r_fixing",
      "r_machines"
    ],
    "I": [
      "i_puzzles",
      "i_math",
      "i_research",
      "i_data"
    ],
    "A": [
      "a_design",
      "a_art",
      "a_music",
      "a_writing"
    ],
    "S": [
      "s_help",
      "s_teach",
      "s_team",
      "s_care"
    ],
    "E": [
      "e_lead",
      "e_sales",
      "e_pitch",
      "e_persuade"
    ],
    "C": [
      "c_order",
      "c_detail",
      "c_rules",
      "c_finance"
    ]
  },
  "big5": {
    "O": [
      "o_imagine",
      "o_ideas",
      "o_variety"
    ],
    "C": [
      "c5_organize",
      "c5_finish",
      "c5_focus"
    ],
    "E": [
      "e5_outgoing",
      "e5_energy",
      "e5_talk"
    ],
    "A": [
      "a5_trust",
      "a5_kind",
      "a5_cooperate"
    ],
    "N": [
      "n5_worry",
      "n5_stress",
      "n5_mood"
    ]
  }
}