[
  {
    "slug": "data-analyst",
    "title": "Data Analyst",
    "summary": "Analyze data to generate insights and dashboards for business decisions.",
    "skills": [
      "sql",
      "python",
      "excel",
      "power-bi",
      "data-viz"
    ],
    "demand": 75,
    "salary_egp": {
      "p50": 18000,
      "p90": 35000
    },
    "riasec_proto": {
      "R": 0.2,
      "I": 0.65,
      "A": 0.1,
      "S": 0.2,
      "E": 0.2,
      "C": 0.55
    }
  },
  {
    "slug": "frontend-developer",
    "title": "Frontend Developer",
    "summary": "Build modern web interfaces using React and related tooling.",
    "skills": [
      "html",
      "css",
      "javascript",
      "react",
      "vite",
      "ux"
    ],
    "demand": 70,
    "salary_egp": {
      "p50": 20000,
      "p90": 40000
    },
    "riasec_proto": {
      "R": 0.35,
      "I": 0.45,
      "A": 0.35,
      "S": 0.25,
      "E": 0.3,
      "C": 0.45
    }
  },
  {
    "slug": "backend-developer",
    "title": "Backend Developer",
    "summary": "Design and implement APIs, databases, and business logic.",
    "skills": [
      "node",
      "express",
      "postgres",
      "rest",
      "security"
    ],
    "demand": 78,
    "salary_egp": {
      "p50": 23000,
      "p90": 45000
    },
    "riasec_proto": {
      "R": 0.45,
      "I": 0.6,
      "A": 0.15,
      "S": 0.25,
      "E": 0.25,
      "C": 0.55
    }
  },
  {
    "slug": "ui-ux-designer",
    "title": "UI/UX Designer",
    "summary": "Design user-centered experiences and interfaces.",
    "skills": [
      "wireframing",
      "figma",
      "user-research",
      "usability"
    ],
    "demand": 62,
    "salary_egp": {
      "p50": 17000,
      "p90": 32000
    },
    "riasec_proto": {
      "R": 0.15,
      "I": 0.35,
      "A": 0.7,
      "S": 0.35,
      "E": 0.3,
      "C": 0.35
    }
  },
  {
    "slug": "cyber-analyst",
    "title": "Cybersecurity Analyst",
    "summary": "Monitor and respond to security incidents and vulnerabilities.",
    "skills": [
      "networking",
      "siem",
      "scripting",
      "threat-intel"
    ],
    "demand": 68,
    "salary_egp": {
      "p50": 23000,
      "p90": 50000
    },
    "riasec_proto": {
      "R": 0.45,
      "I": 0.65,
      "A": 0.15,
      "S": 0.25,
      "E": 0.25,
      "C": 0.6
    }
  }
]