[
  {
    "platform": "Coursera",
    "title": "Google Data Analytics",
    "url": "https://www.coursera.org/",
    "hours": 120,
    "cost": 0,
    "lang": "en",
    "skills": [
      "excel",
      "sql",
      "data-viz"
    ]
  },
  {
    "platform": "Udacity",
    "title": "SQL for Data Analysis",
    "url": "https://www.udacity.com/",
    "hours": 40,
    "cost": 0,
    "lang": "en",
    "skills": [
      "sql"
    ]
  },
  {
    "platform": "edX",
    "title": "Intro to Python",
    "url": "https://www.edx.org/",
    "hours": 30,
    "cost": 0,
    "lang": "en",
    "skills": [
      "python"
    ]
  },
  {
    "platform": "ITI",
    "title": "Power BI Fundamentals",
    "url": "https://iti.gov.eg/",
    "hours": 24,
    "cost": 0,
    "lang": "ar",
    "skills": [
      "power-bi",
      "data-viz"
    ]
  },
  {
    "platform": "Udacity",
    "title": "React Fundamentals",
    "url": "https://www.udacity.com/",
    "hours": 35,
    "cost": 0,
    "lang": "en",
    "skills": [
      "react",
      "javascript"
    ]
  },
  {
    "platform": "Coursera",
    "title": "UI/UX Design Basics",
    "url": "https://www.coursera.org/",
    "hours": 25,
    "cost": 0,
    "lang": "en",
    "skills": [
      "figma",
      "wireframing",
      "ux"
    ]
  }
]